,Group,Bias_Magnitude
0,Male,0.08359536207772389
1,Female,0.08359536207772389
